Headline,URL,Tags,,,,,,,
Economic Indicators: Definition and How to Interpret,https://www.investopedia.com/terms/e/economic_indicator.asp,Macroeconomics,,,,,,,
The 10 Most Important Economic Indicators for Investors,https://www.investopedia.com/articles/basics/07/economic_indicators.asp,Macroeconomics,,,,,,,
How Economic Policies Affect Financial Markets,https://www.investopedia.com/terms/f/financial-market.asp,Macroeconomics,,,,,,,
The Impact of Economic Policy on the Financial Markets,https://www.marketwatch.com/economy-politics,Macroeconomics,,,,,,,
How to Create a Budget and Stick to It,https://www.cnbc.com/make-it/spend/,Budgeting,,,,,,,
The 50/30/20 Budget Rule: A Simple Way to Manage Your Money,https://www.investopedia.com/ask/answers/022916/what-502030-budget-rule.asp,Budgeting,,,,,,,
How to Track Your Expenses and Save Money,https://mint.intuit.com/how-mint-works/,Budgeting,,,,,,,
How to Build an Emergency Fund,https://www.investopedia.com/terms/e/emergency_fund.asp,Saving and Investing,,,,,,,
The Ultimate Guide to Investing,https://www.fool.com/retirement/2017/08/19/our-guide-to-investing-for-beginners.aspx,Saving and Investing,,,,,,,
Risk and Return: What You Need to Know About Investing,https://www.finra.org/investors/investing/investing-basics/risk,Saving and Investing,,,,,,,
"Understanding Retirement Accounts (401(k), IRAs)",https://investor.vanguard.com/investor-resources-education/iras/401k-vs-ira,Retirement Planning,,,,,,,
How to Plan for a Secure Retirement,https://www.aarp.org/retirement/planning-for-retirement/,Retirement Planning,,,,,,,
Retirement Planning Tips for Every Age,https://www.cnbc.com/guide/retirement-planning-decade-by-decade/,Retirement Planning,,,,,,,
How to Manage and Reduce Debt,https://www.consumerfinance.gov/about-us/blog/how-get-handle-debt/,Debt Management,,,,,,,
Understanding Interest Rates,https://fred.stlouisfed.org/,Debt Management,,,,,,,
How to Get Out of Debt: A Step-by-Step Guide,https://www.nerdwallet.com/article/finance/pay-off-debt,Debt Management,,,,,,,
Market Structure and Pricing,https://corporatefinanceinstitute.com/resources/economics/market-structure/,Microeconomics,,,,,,,Market Structure and Pricing
Market Structures: Definition and Types,https://medium.com/@dorothymacasasa/corporate-finance-fundamentals-optimal-capital-structure-f77ee6cc23f3,Microeconomics,,,,,,,Market Structures: Definition and Types
Pricing Strategy Different Market Structures,https://analystprep.com/cfa-level-1-exam/economics/pricing-strategy-under-each-market-structure/,Microeconomics,,,,,,,Pricing Strategy Different Market Structures
How Market Structure Affects Business Decisions and Pricing,https://analystprep.com/cfa-level-1-exam/economics/describe-pricing-strategy-under-each-market-structure/,Microeconomics,,,,,,,How Market Structure Affects Business Decisions and Pricing
The Effects of Market Structure on Pricing and Competition,https://analystprep.com/cfa-level-1-exam/economics/describe-pricing-strategy-under-each-market-structure/,Microeconomics,,,,,,,The Effects of Market Structure on Pricing and Competition
How to Read and Understand Financial Statements,https://www.investopedia.com/articles/basics/06/financialreporting.asp,Financial Statements,,,,,,,
The 3 Financial Statements You Need to Know,https://www.fool.com/investing/2022/04/05/how-to-understand-financial-statements/,Financial Statements,,,,,,,
How to Analyze Financial Statements,https://www.fitchlearning.com/fundamentals-corporate-financial-statement-analysis-course-content,Financial Statements,,,,,,,
Capital Budgeting Basics,https://www.chegg.com/homework-help/questions-and-answers/1-basics-capital-budgeting-one-important-financial-management-activities-firm-undertakes-e-q32399854,Capital Budgeting,,,,,,,
Net Present Value (NPV) Analysis,https://www.accountingtools.com/articles/net-present-value,Capital Budgeting,,,,,,,
The 5 Capital Budgeting Methods You Need to Know,https://online.norwich.edu/online/about/resource-library/5-methods-capital-budgeting,Capital Budgeting,,,,,,,
What is Financial Modeling?,https://corporatefinanceinstitute.com/resources/financial-modeling/what-is-financial-modeling/,Financial Modeling,,,,,,,
The 5 Steps of Financial Modeling,https://www.onestream.com/blog/5-steps-to-effective-financial-modeling-in-corporate-finance/,Financial Modeling,,,,,,,
How to Build a Financial Model,https://www.udemy.com/topic/financial-modeling/,Financial Modeling,,,,,,,
What is Risk Management?,https://www.investopedia.com/terms/r/riskmanagement.asp,Risk Management,,,,,,,
The 5 Steps of Risk Management,https://reciprocity.com/blog/5-step-risk-management-process/,Risk Management,,,,,,,
Hedging Strategies,https://www.optionseducation.org/landingpages-options-strategy-quick-guide,Risk Management,,,,,,,
Understanding How the Stock Market Works,https://www.investopedia.com/terms/s/stockmarket.asp: https://www.investopedia.com/terms/s/stockmarket.asp,Stock Market,,,,,,,
How Does the Stock Market Work?,https://www.thebalance.com/how-does-the-stock-market-work-3505397: https://www.thebalance.com/how-does-the-stock-market-work-3505397,Stock Market,,,,,,,
Stock Market Basics,https://www.nerdwallet.com/article/investing/stock-market-basics: https://www.nerdwallet.com/article/investing/stock-market-basics,Stock Market,,,,,,,
What Is a Bond?,https://corporatefinanceinstitute.com/what-is-a-bond/: https://m.youtube.com/watch?v=KfBhTVatB8k,Bond Market,,,,,,,
Bond Pricing,https://www.investopedia.com/terms/b/bondpricing.asp: https://www.investopedia.com/terms/b/bondpricing.asp,Bond Market,,,,,,,
Derivatives: A Comprehensive Guide,https://www.cfi.co.uk/derivatives.html: https://www.cfi.co.uk/derivatives.html,Derivatives,,,,,,,
Futures Contracts,https://www.investopedia.com/terms/f/futures.asp: https://www.investopedia.com/terms/f/futures.asp,Derivatives,,,,,,,
Foreign Exchange (Forex),https://www.investopedia.com/terms/f/forex.asp: https://www.investopedia.com/terms/f/forex.asp,Forex (Foreign Exchange),,,,,,,
Exchange Rates,https://www.investopedia.com/terms/f/forexrates.asp: https://www.investopedia.com/terms/f/forexrates.asp,Forex (Foreign Exchange),,,,,,,
Diversification,https://www.investopedia.com/terms/d/diversification.asp: https://www.investopedia.com/terms/d/diversification.asp,Diversification,,,,,,,
The Importance of Diversification,https://www.fidelity.com/learning-center/start-investing/diversification-strategies: https://www.fidelity.com/learning-center/start-investing/diversification-strategies,Diversification,,,,,,,
Diversification Strategies,https://www.thebalance.com/diversification-strategies-3153688: https://www.thebalance.com/diversification-strategies-3153688,Diversification,,,,,,,
Asset Allocation,https://www.investopedia.com/terms/a/assetallocation.asp: https://www.investopedia.com/terms/a/assetallocation.asp,Asset Allocation,,,,,,,
Asset Allocation Guide,https://www.nerdwallet.com/article/investing/asset-allocation-guide: https://www.nerdwallet.com/article/investing/asset-allocation-guide,Asset Allocation,,,,,,,
Asset Allocation Basics,https://www.morningstar.com/articles/965411/asset-allocation-basics.html: https://www.morningstar.com/articles/965411/asset-allocation-basics.html,Asset Allocation,,,,,,,
Value Investing,https://www.investopedia.com/terms/v/valueinvesting.asp: https://www.investopedia.com/terms/v/valueinvesting.asp,Value Investing,,,,,,,
What Is Value Investing and How Does It Work?,https://www.barrons.com/articles/what-is-value-investing-and-how-does-it-work/: https://www.barrons.com/articles/what-is-value-investing-and-how-does-it-work/,Value Investing,,,,,,,
Value Investing vs. Growth Investing,https://www.investopedia.com/articles/040915/value-investing-vs-growth-investing.asp: https://www.investopedia.com/articles/040915/value-investing-vs-growth-investing.asp,Value Investing,,,,,,,
What Is Growth Investing?,https://www.investopedia.com/articles/041015/what-growth-investing.asp: https://www.investopedia.com/articles/041015/what-growth-investing.asp,Growth Investing,,,,,,,
Growth Investing,https://www.investopedia.com/terms/g/growthinvesting.asp: https://www.investopedia.com/terms/g/growthinvesting.asp,Growth Investing,,,,,,,
Momentum Investing,https://www.investopedia.com/terms/m/momentum-investing.asp: https://www.investopedia.com/terms/m/momentum-investing.asp,Momentum Investing,,,,,,,
Understanding Different Types of Funds,https://www.investopedia.com/terms/u/understanding-different-types-of-funds.asp: https://www.investopedia.com/terms/u/understanding-different-types-of-funds.asp,Understanding Different Types of Funds,,,,,,,
What is a Financial Advisor?,https://www.investopedia.com/terms/f/financialadvisor.asp: https://www.investopedia.com/terms/f/financialadvisor.asp,Financial Advisory Services,,,,,,,
What Does a Financial Advisor Do?,https://www.forbes.com/sites/ashleaquinn/2022/04/21/what-does-a-financial-advisor-do/,Financial Advisory Services,,,,,,,
What Is a Financial Advisor?,https://www.nerdwallet.com/article/investing/what-is-a-financial-advisor,Financial Advisory Services,,,,,,,
Wills and Trusts: Estate Planning Basics,https://www.nolo.com/legal-encyclopedia/wills-trusts.html: https://www.nolo.com/legal-encyclopedia/wills-trusts.html,Estate Planning,,,,,,,
Wills and Trusts,https://www.finder.com/wills-and-trusts: https://www.finder.com/wills-and-trusts,Estate Planning,,,,,,,
Wills,https://www.legalzoom.com/wills-trusts/wills,Estate Planning,,,,,,,
Understanding Taxes,https://www.irs.gov/individuals/understanding-taxes: https://www.irs.gov/individuals/understanding-taxes,Tax Planning,,,,,,,
Individual Tax,https://www.taxfoundation.org/topics/individual-tax: https://www.taxfoundation.org/topics/individual-tax,Tax Planning,,,,,,,
Tax Planning,https://www.investopedia.com/terms/t/tax-planning.asp: https://www.investopedia.com/terms/t/tax-planning.asp,Tax Planning,,,,,,,
Understanding Behavioral Finance,https://www.investopedia.com/terms/b/behavioral-finance.asp: https://www.investopedia.com/terms/b/behavioral-finance.asp,6.1 Psychological Factors in Finance,,,,,,,
Behavioral Finance,https://www.corporatefinanceinstitute.com/resources/knowledge/finance/behavioral-finance/: https://www.corporatefinanceinstitute.com/resources/knowledge/finance/behavioral-finance/,6.1 Psychological Factors in Finance,,,,,,,
Behavioral Finance,https://www.khanacademy.org/economics-finance-and-accounting/behavioral-finance/v/behavioral-finance: https://www.khanacademy.org/economics-finance-and-accounting/behavioral-finance/v/behavioral-finance,6.1 Psychological Factors in Finance,,,,,,,
Prospect Theory,https://www.investopedia.com/terms/p/prospect-theory.asp: https://www.investopedia.com/terms/p/prospect-theory.asp,6.2 Decision-Making Under Uncertainty,,,,,,,
Prospect Theory,https://www.corporatefinanceinstitute.com/resources/knowledge/finance/prospect-theory/: https://www.corporatefinanceinstitute.com/resources/knowledge/finance/prospect-theory/,6.2 Decision-Making Under Uncertainty,,,,,,,
Prospect Theory,https://www.khanacademy.org/economics-finance-and-accounting/behavioral-finance/v/prospect-theory: https://www.khanacademy.org/economics-finance-and-accounting/behavioral-finance/v/prospect-theory,6.2 Decision-Making Under Uncertainty,,,,,,,
Emotional Finance,https://www.investopedia.com/terms/e/emotional-finance.asp: https://www.investopedia.com/terms/e/emotional-finance.asp,6.3 Emotional Aspects of Finance,,,,,,,
Emotional Finance,https://www.corporatefinanceinstitute.com/resources/knowledge/finance/emotional-finance/: https://www.corporatefinanceinstitute.com/resources/knowledge/finance/emotional-finance/,6.3 Emotional Aspects of Finance,,,,,,,
Emotional Finance,https://www.khanacademy.org/economics-finance-and-accounting/behavioral-finance/v/emotional-finance: https://www.khanacademy.org/economics-finance-and-accounting/behavioral-finance/v/emotional-finance,6.3 Emotional Aspects of Finance,,,,,,,
The Committee on Payments and Market Infrastructure (CPMI): https://www.bis.org/cpmi/about/overview.htm,https://www.bis.org/cpmi/about/overview.htm,Financial Regulations,,,,,,,
The Financial Action Task Force (FATF): https://www.fatf-gafi.org/en/home.html,https://www.fatf-gafi.org/en/home.html,Financial Regulations,,,,,,,
The Dodd-Frank Wall Street Reform and Consumer Protection Act: https://www.investopedia.com/terms/d/dodd-frank-financial-regulatory-reform-bill.asp,https://www.investopedia.com/terms/d/dodd-frank-financial-regulatory-reform-bill.asp,Financial Regulations,,,,,,,
The Basel III Accord: https://www.bis.org/publ/bcbs189.pdf,https://www.bis.org/publ/bcbs189.pdf,Financial Regulations,,,,,,,
The Solvency II Directive: https://www.eiopa.europa.eu/browse/regulation-and-policy/solvency-ii_en,https://www.eiopa.europa.eu/browse/regulation-and-policy/solvency-ii_en,Financial Regulations,,,,,,,
The Markets in Financial Instruments Directive (MiFID II): https://www.esma.europa.eu/publications-and-data/interactive-single-rulebook/mifid-ii,https://www.esma.europa.eu/publications-and-data/interactive-single-rulebook,Financial Regulations,,,,,,,
The Payment Services Directive (PSD2): https://www.eba.europa.eu/regulation-and-policy/single-rulebook/interactive-single-rulebook/5402,https://www.eba.europa.eu/regulation-and-policy/single-rulebook/interactive-single-rulebook,Financial Regulations,,,,,,,
The CFA Institute Code of Ethics and Standards of Professional Conduct: https://www.cfainstitute.org/en/ethics-standards/ethics/code-of-ethics-standards-of-conduct-guidance,https://www.cfainstitute.org/en/ethics-standards/ethics/code-of-ethics-standards-of-conduct-guidance,Financial Regulations,,,,,,,
The Association for Investment Management and Research (AIMR) Code of Ethics: https://www.cfainstitute.org/-/media/documents/code/code-ethics-standards/code-of-ethics-standards-professional-conduct.pdf,https://www.cfainstitute.org/-/media/documents/code/code-ethics-standards/code-of-ethics-standards-professional-conduct.pdf,Ethical Considerations,,,,,,,
The Financial Conduct Authority (FCA) Principles for Businesses: https://www.handbook.fca.org.uk/handbook/PRIN.pdf,https://www.handbook.fca.org.uk/handbook/PRIN.pdf,Ethical Considerations,,,,,,,
The Australian Securities and Investments Commission (ASIC) Corporate Governance Principles: https://asic.gov.au/regulatory-resources/corporate-governance/,https://asic.gov.au/regulatory-resources/corporate-governance/,Ethical Considerations,,,,,,,
The United Nations Principles for Responsible Investment (UNPRI): https://www.unpri.org/signatories/reporting-and-assessment/public-signatory-reports,https://www.unpri.org/signatories/reporting-and-assessment/public-signatory-reports,Ethical Considerations,,,,,,,
Blockchain: A Beginner's Guide,https://www.investopedia.com/blockchain-4689765,Blockchain and Cryptocurrencies,,,,,,,
Blockchain vs. Bitcoin: What's the Difference?,https://www.coindesk.com/consensus-magazine/2022/12/13/blockchain-vs-crypto-not-what-it-seems/,Blockchain and Cryptocurrencies,,,,,,,
What Is Cryptocurrency?,https://www.investopedia.com/terms/c/cryptocurrency.asp,Blockchain and Cryptocurrencies,,,,,,,
The Ultimate Guide to Cryptocurrency,https://coincodex.com/article/19566/blockchain-101-the-ultimate-guide-for-beginners/,Blockchain and Cryptocurrencies,,,,,,,
How to Invest in Cryptocurrency,https://www.fool.com/the-ascent/cryptocurrency/,Blockchain and Cryptocurrencies,,,,,,,
What Is a Robo-Advisor?,https://www.investopedia.com/terms/r/roboadvisor-roboadviser.asp,Robo-Advisors,,,,,,,
The 10 Best Robo-Advisors of 2023,https://www.nerdwallet.com/best/investing/robo-advisors,Robo-Advisors,,,,,,,
How to Get Started with a Robo-Advisor,https://www.investopedia.com/terms/r/roboadvisor-roboadviser.asp,Robo-Advisors,,,,,,,
What Is Algorithmic Trading?,https://www.investopedia.com/terms/a/algorithmictrading.asp,Robo-Advisors,,,,,,,
The Risks of Algorithmic Trading,https://www.investopedia.com/terms/a/algorithmictrading.asp,Robo-Advisors,,,,,,,
The Evolution of Online Banking: From Simple Access to Enhanced Financial Management,https://www.investopedia.com/terms/o/onlinebanking.asp,Digital Banking and Payments,,,,,,,
How Online Banking Has Changed the Financial Landscape,https://www.businessinsider.com/how-ai-cloud-technology-web3-metaverse-disrupting-banking-industry-2023-9,Digital Banking and Payments,,,,,,,
The Benefits of Online Banking for Individuals and Businesses,https://www.forbes.com/sites/forbesfinancecouncil/2019/08/14/nine-key-reasons-online-banking-benefits-small-business/,Digital Banking and Payments,,,,,,,
The Future of Online Banking,https://topmobilebanks.com/blog/future-of-digital-banking/,Digital Banking and Payments,,,,,,,
Mobile Wallets vs. Traditional Payment Methods: Which One Should You Choose?,https://www.hostmerchantservices.com/2021/07/mobile-payments-vs-credit-card-payments/,Mobile Wallets,,,,,,,
Mobile Payments: The Future of Digital Transactions,https://www.rapyd.net/blog/the-mobile-payments-revolution-is-happening-today-is-your-business-ready/,Mobile Wallets,,,,,,,
The Impact of Mobile Wallets on the Financial Services Industry,https://www2.deloitte.com/content/dam/Deloitte/in/Documents/strategy/in-strategy-leading-the-cashless-charge-noexp.pdf,Mobile Wallets,,,,,,,
The Rise of Mobile Wallets in Developing Markets,https://journals.sagepub.com/doi/10.1177/2277975220965354,Mobile Wallets,,,,,,,